Navn;Stasjon;Tid(norsk normaltid);Nedbør (1 t);Lufttemperatur;Relativ luftfuktighet
Jostedalen - Mjølversgrendi;SN55430;10.09.2023 01:00;0,2;14;92
Jostedalen - Mjølversgrendi;SN55430;10.09.2023 02:00;0;13,4;95
Jostedalen - Mjølversgrendi;SN55430;10.09.2023 03:00;0;13,4;92
Jostedalen - Mjølversgrendi;SN55430;10.09.2023 04:00;0;13,8;94
Jostedalen - Mjølversgrendi;SN55430;10.09.2023 05:00;0;13,5;94
Jostedalen - Mjølversgrendi;SN55430;10.09.2023 06:00;0;13,3;92
Jostedalen - Mjølversgrendi;SN55430;10.09.2023 07:00;0;14;93
Jostedalen - Mjølversgrendi;SN55430;10.09.2023 08:00;0;14,2;92
Jostedalen - Mjølversgrendi;SN55430;10.09.2023 09:00;0;14,7;91
Jostedalen - Mjølversgrendi;SN55430;10.09.2023 10:00;0;15,6;78
Jostedalen - Mjølversgrendi;SN55430;10.09.2023 11:00;0;15,5;82
Jostedalen - Mjølversgrendi;SN55430;10.09.2023 12:00;0;15,6;80
Jostedalen - Mjølversgrendi;SN55430;10.09.2023 13:00;0;16;79
Jostedalen - Mjølversgrendi;SN55430;10.09.2023 14:00;0;16,6;65
Jostedalen - Mjølversgrendi;SN55430;10.09.2023 15:00;0;16;66
Jostedalen - Mjølversgrendi;SN55430;10.09.2023 16:00;0;16,3;74
Jostedalen - Mjølversgrendi;SN55430;10.09.2023 17:00;0;15,7;79
Jostedalen - Mjølversgrendi;SN55430;10.09.2023 18:00;0;14,9;77
Jostedalen - Mjølversgrendi;SN55430;10.09.2023 19:00;0;14,6;75
Jostedalen - Mjølversgrendi;SN55430;10.09.2023 20:00;0;14;89
Jostedalen - Mjølversgrendi;SN55430;10.09.2023 21:00;0;13,7;88
Jostedalen - Mjølversgrendi;SN55430;10.09.2023 22:00;0,1;13;91
Jostedalen - Mjølversgrendi;SN55430;10.09.2023 23:00;0,4;12,4;96
Jostedalen - Mjølversgrendi;SN55430;11.09.2023 00:00;0;12,4;96
Jostedalen - Mjølversgrendi;SN55430;11.09.2023 01:00;0,1;11,8;97
Jostedalen - Mjølversgrendi;SN55430;11.09.2023 02:00;0;12,1;98
Jostedalen - Mjølversgrendi;SN55430;11.09.2023 03:00;0,1;11,7;98
Jostedalen - Mjølversgrendi;SN55430;11.09.2023 04:00;0,1;11,9;98
Jostedalen - Mjølversgrendi;SN55430;11.09.2023 05:00;0;11,7;98
Jostedalen - Mjølversgrendi;SN55430;11.09.2023 06:00;2,4;11,3;98
Jostedalen - Mjølversgrendi;SN55430;11.09.2023 07:00;1,6;11,2;98
Jostedalen - Mjølversgrendi;SN55430;11.09.2023 08:00;1,4;11,7;98
Jostedalen - Mjølversgrendi;SN55430;11.09.2023 09:00;3,6;11,4;98
Jostedalen - Mjølversgrendi;SN55430;11.09.2023 10:00;4,7;11,6;98
Jostedalen - Mjølversgrendi;SN55430;11.09.2023 11:00;1,7;11,9;98
Jostedalen - Mjølversgrendi;SN55430;11.09.2023 12:00;2,8;12,3;99
Jostedalen - Mjølversgrendi;SN55430;11.09.2023 13:00;4;12,8;98
Jostedalen - Mjølversgrendi;SN55430;11.09.2023 14:00;4,5;13,3;98
Jostedalen - Mjølversgrendi;SN55430;11.09.2023 15:00;9,8;13,3;98
Jostedalen - Mjølversgrendi;SN55430;11.09.2023 16:00;1,8;14,4;98
Jostedalen - Mjølversgrendi;SN55430;11.09.2023 17:00;2,6;14,2;97
Jostedalen - Mjølversgrendi;SN55430;11.09.2023 18:00;1,1;13,8;97
Jostedalen - Mjølversgrendi;SN55430;11.09.2023 19:00;0,3;13,8;98
Jostedalen - Mjølversgrendi;SN55430;11.09.2023 20:00;0,2;13,4;96
Jostedalen - Mjølversgrendi;SN55430;11.09.2023 21:00;0,2;13,4;95
Jostedalen - Mjølversgrendi;SN55430;11.09.2023 22:00;0,4;13;97
Jostedalen - Mjølversgrendi;SN55430;11.09.2023 23:00;0;12,9;96
Jostedalen - Mjølversgrendi;SN55430;12.09.2023 00:00;0;12,4;88
Jostedalen - Mjølversgrendi;SN55430;12.09.2023 01:00;0;11;95
Jostedalen - Mjølversgrendi;SN55430;12.09.2023 02:00;0;10;97
Jostedalen - Mjølversgrendi;SN55430;12.09.2023 03:00;0;8,7;97
Jostedalen - Mjølversgrendi;SN55430;12.09.2023 04:00;0;8,9;97
Jostedalen - Mjølversgrendi;SN55430;12.09.2023 05:00;0;8,2;98
Jostedalen - Mjølversgrendi;SN55430;12.09.2023 06:00;0;8,4;98
Jostedalen - Mjølversgrendi;SN55430;12.09.2023 07:00;0;8,7;98
Jostedalen - Mjølversgrendi;SN55430;12.09.2023 08:00;0,3;9,1;98
Jostedalen - Mjølversgrendi;SN55430;12.09.2023 09:00;0,1;9,8;96
Jostedalen - Mjølversgrendi;SN55430;12.09.2023 10:00;0,2;9,8;93
Jostedalen - Mjølversgrendi;SN55430;12.09.2023 11:00;0;10,7;87
Jostedalen - Mjølversgrendi;SN55430;12.09.2023 12:00;0;12,2;76
Jostedalen - Mjølversgrendi;SN55430;12.09.2023 13:00;0;14,4;50
Jostedalen - Mjølversgrendi;SN55430;12.09.2023 14:00;0;13;55
Jostedalen - Mjølversgrendi;SN55430;12.09.2023 15:00;0;13,5;48
Jostedalen - Mjølversgrendi;SN55430;12.09.2023 16:00;0;12,6;57
Jostedalen - Mjølversgrendi;SN55430;12.09.2023 17:00;0;11,7;58
Jostedalen - Mjølversgrendi;SN55430;12.09.2023 18:00;0;11,4;57
Jostedalen - Mjølversgrendi;SN55430;12.09.2023 19:00;0;9,5;72
Jostedalen - Mjølversgrendi;SN55430;12.09.2023 20:00;0;9,6;74
Jostedalen - Mjølversgrendi;SN55430;12.09.2023 21:00;0;9;74
Jostedalen - Mjølversgrendi;SN55430;12.09.2023 22:00;0,1;8,5;80
Jostedalen - Mjølversgrendi;SN55430;12.09.2023 23:00;0;8;85
Jostedalen - Mjølversgrendi;SN55430;13.09.2023 00:00;0;7,4;88
Jostedalen - Mjølversgrendi;SN55430;13.09.2023 01:00;0;7;93
Jostedalen - Mjølversgrendi;SN55430;13.09.2023 02:00;0;6,2;92
Jostedalen - Mjølversgrendi;SN55430;13.09.2023 03:00;0;6;95
Jostedalen - Mjølversgrendi;SN55430;13.09.2023 04:00;0;6,3;93
Jostedalen - Mjølversgrendi;SN55430;13.09.2023 05:00;0;5,2;95
Jostedalen - Mjølversgrendi;SN55430;13.09.2023 06:00;0;5,7;94
Jostedalen - Mjølversgrendi;SN55430;13.09.2023 07:00;0;5,2;96
Jostedalen - Mjølversgrendi;SN55430;13.09.2023 08:00;0;5,8;97
Jostedalen - Mjølversgrendi;SN55430;13.09.2023 09:00;0;6;96
Jostedalen - Mjølversgrendi;SN55430;13.09.2023 10:00;0;10,6;63
Jostedalen - Mjølversgrendi;SN55430;13.09.2023 11:00;0;12,2;41
Jostedalen - Mjølversgrendi;SN55430;13.09.2023 12:00;0;12,5;43
Jostedalen - Mjølversgrendi;SN55430;13.09.2023 13:00;0;10,7;50
Jostedalen - Mjølversgrendi;SN55430;13.09.2023 14:00;0;11,5;47
Jostedalen - Mjølversgrendi;SN55430;13.09.2023 15:00;0;11,9;46
Jostedalen - Mjølversgrendi;SN55430;13.09.2023 16:00;0;12,7;41
Jostedalen - Mjølversgrendi;SN55430;13.09.2023 17:00;0;10,6;47
Jostedalen - Mjølversgrendi;SN55430;13.09.2023 18:00;0;9,2;62
Jostedalen - Mjølversgrendi;SN55430;13.09.2023 19:00;0;7,6;71
Jostedalen - Mjølversgrendi;SN55430;13.09.2023 20:00;0;6,3;75
Jostedalen - Mjølversgrendi;SN55430;13.09.2023 21:00;0;5,2;82
Jostedalen - Mjølversgrendi;SN55430;13.09.2023 22:00;0;4,2;88
Jostedalen - Mjølversgrendi;SN55430;13.09.2023 23:00;0;4;90
Jostedalen - Mjølversgrendi;SN55430;14.09.2023 00:00;0;3,9;91
Jostedalen - Mjølversgrendi;SN55430;14.09.2023 01:00;0;3,7;92
Jostedalen - Mjølversgrendi;SN55430;14.09.2023 02:00;0;3,6;94
Jostedalen - Mjølversgrendi;SN55430;14.09.2023 03:00;0;3,8;94
Jostedalen - Mjølversgrendi;SN55430;14.09.2023 04:00;0;3,8;94
Jostedalen - Mjølversgrendi;SN55430;14.09.2023 05:00;0;3,6;94
Jostedalen - Mjølversgrendi;SN55430;14.09.2023 06:00;0;3,8;95
Jostedalen - Mjølversgrendi;SN55430;14.09.2023 07:00;0;4,4;95
Jostedalen - Mjølversgrendi;SN55430;14.09.2023 08:00;0;5,2;94
Jostedalen - Mjølversgrendi;SN55430;14.09.2023 09:00;0;6,1;92
Jostedalen - Mjølversgrendi;SN55430;14.09.2023 10:00;0;8,4;73
Jostedalen - Mjølversgrendi;SN55430;14.09.2023 11:00;0;9;71
Jostedalen - Mjølversgrendi;SN55430;14.09.2023 12:00;0;11,1;56
Jostedalen - Mjølversgrendi;SN55430;14.09.2023 13:00;0;11,9;60
Jostedalen - Mjølversgrendi;SN55430;14.09.2023 14:00;0;12,9;54
Jostedalen - Mjølversgrendi;SN55430;14.09.2023 15:00;0;10,6;74
Jostedalen - Mjølversgrendi;SN55430;14.09.2023 16:00;0,4;10,3;84
Jostedalen - Mjølversgrendi;SN55430;14.09.2023 17:00;0,2;9,8;81
Jostedalen - Mjølversgrendi;SN55430;14.09.2023 18:00;0,9;8,8;89
Jostedalen - Mjølversgrendi;SN55430;14.09.2023 19:00;1,7;8,2;95
Jostedalen - Mjølversgrendi;SN55430;14.09.2023 20:00;1,1;7,8;96
Jostedalen - Mjølversgrendi;SN55430;14.09.2023 21:00;1,4;7,6;97
Jostedalen - Mjølversgrendi;SN55430;14.09.2023 22:00;0,5;7,6;98
Jostedalen - Mjølversgrendi;SN55430;14.09.2023 23:00;0,8;7,2;98
Jostedalen - Mjølversgrendi;SN55430;15.09.2023 00:00;0,5;7;98
Jostedalen - Mjølversgrendi;SN55430;15.09.2023 01:00;0,3;7,1;98
Jostedalen - Mjølversgrendi;SN55430;15.09.2023 02:00;0,1;7;98
Jostedalen - Mjølversgrendi;SN55430;15.09.2023 03:00;0,2;6,9;98
Jostedalen - Mjølversgrendi;SN55430;15.09.2023 04:00;0;7;98
Jostedalen - Mjølversgrendi;SN55430;15.09.2023 05:00;0,1;6,9;98
Jostedalen - Mjølversgrendi;SN55430;15.09.2023 06:00;0,1;7,2;99
Jostedalen - Mjølversgrendi;SN55430;15.09.2023 07:00;0,1;7,1;98
Jostedalen - Mjølversgrendi;SN55430;15.09.2023 08:00;0,2;7,6;98
Jostedalen - Mjølversgrendi;SN55430;15.09.2023 09:00;0;7,9;96
Jostedalen - Mjølversgrendi;SN55430;15.09.2023 10:00;0;9,2;92
Jostedalen - Mjølversgrendi;SN55430;15.09.2023 11:00;0;10,1;88
Jostedalen - Mjølversgrendi;SN55430;15.09.2023 12:00;0,1;11,4;86
Jostedalen - Mjølversgrendi;SN55430;15.09.2023 13:00;0,1;11,4;87
Jostedalen - Mjølversgrendi;SN55430;15.09.2023 14:00;0,1;12,5;76
Jostedalen - Mjølversgrendi;SN55430;15.09.2023 15:00;0;12,9;66
Jostedalen - Mjølversgrendi;SN55430;15.09.2023 16:00;0;13,3;64
Jostedalen - Mjølversgrendi;SN55430;15.09.2023 17:00;0;13,2;57
Jostedalen - Mjølversgrendi;SN55430;15.09.2023 18:00;0;12,4;65
Jostedalen - Mjølversgrendi;SN55430;15.09.2023 19:00;0;11,9;61
Jostedalen - Mjølversgrendi;SN55430;15.09.2023 20:00;0;11,6;62
Jostedalen - Mjølversgrendi;SN55430;15.09.2023 21:00;0;11,5;62
Jostedalen - Mjølversgrendi;SN55430;15.09.2023 22:00;0;11,3;64
Jostedalen - Mjølversgrendi;SN55430;15.09.2023 23:00;0;10,6;70
Jostedalen - Mjølversgrendi;SN55430;16.09.2023 00:00;0;10,4;72
Jostedalen - Mjølversgrendi;SN55430;16.09.2023 01:00;0;9,7;77
Jostedalen - Mjølversgrendi;SN55430;16.09.2023 02:00;0;9,2;83
Jostedalen - Mjølversgrendi;SN55430;16.09.2023 03:00;0;8,5;88
Jostedalen - Mjølversgrendi;SN55430;16.09.2023 04:00;0;8;90
Jostedalen - Mjølversgrendi;SN55430;16.09.2023 05:00;0;7,6;92
Jostedalen - Mjølversgrendi;SN55430;16.09.2023 06:00;0;7,7;93
Jostedalen - Mjølversgrendi;SN55430;16.09.2023 07:00;0;7,7;94
Jostedalen - Mjølversgrendi;SN55430;16.09.2023 08:00;0;8;92
Jostedalen - Mjølversgrendi;SN55430;16.09.2023 09:00;0;8;92
Jostedalen - Mjølversgrendi;SN55430;16.09.2023 10:00;0;9;84
Jostedalen - Mjølversgrendi;SN55430;16.09.2023 11:00;0;10;78
Jostedalen - Mjølversgrendi;SN55430;16.09.2023 12:00;0;10,4;77
Jostedalen - Mjølversgrendi;SN55430;16.09.2023 13:00;0;10,2;80
Jostedalen - Mjølversgrendi;SN55430;16.09.2023 14:00;0;10,5;76
Jostedalen - Mjølversgrendi;SN55430;16.09.2023 15:00;0;11;71
Jostedalen - Mjølversgrendi;SN55430;16.09.2023 16:00;0;10,9;69
Jostedalen - Mjølversgrendi;SN55430;16.09.2023 17:00;0;10,3;81
Jostedalen - Mjølversgrendi;SN55430;16.09.2023 18:00;0;9,6;81
Jostedalen - Mjølversgrendi;SN55430;16.09.2023 19:00;0;9,5;82
Jostedalen - Mjølversgrendi;SN55430;16.09.2023 20:00;0,7;8,4;93
Jostedalen - Mjølversgrendi;SN55430;16.09.2023 21:00;0;7,5;95
Jostedalen - Mjølversgrendi;SN55430;16.09.2023 22:00;0;6,8;96
Jostedalen - Mjølversgrendi;SN55430;16.09.2023 23:00;0;5,8;96
Jostedalen - Mjølversgrendi;SN55430;17.09.2023 00:00;0;5,4;98
Jostedalen - Mjølversgrendi;SN55430;17.09.2023 01:00;0;5,2;98
Jostedalen - Mjølversgrendi;SN55430;17.09.2023 02:00;0;4,4;98
Jostedalen - Mjølversgrendi;SN55430;17.09.2023 03:00;0;4,1;98
Jostedalen - Mjølversgrendi;SN55430;17.09.2023 04:00;0;4,6;99
Jostedalen - Mjølversgrendi;SN55430;17.09.2023 05:00;0;4,6;99
Jostedalen - Mjølversgrendi;SN55430;17.09.2023 06:00;0;4,3;99
Jostedalen - Mjølversgrendi;SN55430;17.09.2023 07:00;0;3,7;99
Jostedalen - Mjølversgrendi;SN55430;17.09.2023 08:00;0;3,7;98
Jostedalen - Mjølversgrendi;SN55430;17.09.2023 09:00;0;3,8;99
Jostedalen - Mjølversgrendi;SN55430;17.09.2023 10:00;0;7,8;96
Jostedalen - Mjølversgrendi;SN55430;17.09.2023 11:00;0;10,3;72
Jostedalen - Mjølversgrendi;SN55430;17.09.2023 12:00;0;12,7;58
Jostedalen - Mjølversgrendi;SN55430;17.09.2023 13:00;0;13,6;49
Jostedalen - Mjølversgrendi;SN55430;17.09.2023 14:00;0;14;50
Jostedalen - Mjølversgrendi;SN55430;17.09.2023 15:00;0;14,4;48
Jostedalen - Mjølversgrendi;SN55430;17.09.2023 16:00;0;14,8;53
Jostedalen - Mjølversgrendi;SN55430;17.09.2023 17:00;0;11,9;60
Jostedalen - Mjølversgrendi;SN55430;17.09.2023 18:00;0;10,1;70
Jostedalen - Mjølversgrendi;SN55430;17.09.2023 19:00;0;8,7;80
Jostedalen - Mjølversgrendi;SN55430;17.09.2023 20:00;0;8;80
Jostedalen - Mjølversgrendi;SN55430;17.09.2023 21:00;0;6,9;87
Jostedalen - Mjølversgrendi;SN55430;17.09.2023 22:00;0;6;91
Jostedalen - Mjølversgrendi;SN55430;17.09.2023 23:00;0;5,8;92
Jostedalen - Mjølversgrendi;SN55430;18.09.2023 00:00;0;5,5;93
Jostedalen - Mjølversgrendi;SN55430;18.09.2023 01:00;0;5,1;94
Jostedalen - Mjølversgrendi;SN55430;18.09.2023 02:00;0;4,9;95
Jostedalen - Mjølversgrendi;SN55430;18.09.2023 03:00;0;5,8;94
Jostedalen - Mjølversgrendi;SN55430;18.09.2023 04:00;0;6,2;95
Jostedalen - Mjølversgrendi;SN55430;18.09.2023 05:00;0;6,6;91
Jostedalen - Mjølversgrendi;SN55430;18.09.2023 06:00;0,4;6,3;94
Jostedalen - Mjølversgrendi;SN55430;18.09.2023 07:00;0,2;6,8;95
Jostedalen - Mjølversgrendi;SN55430;18.09.2023 08:00;0,2;6,7;96
Jostedalen - Mjølversgrendi;SN55430;18.09.2023 09:00;0,2;7,2;97
Jostedalen - Mjølversgrendi;SN55430;18.09.2023 10:00;1,3;7,4;97
Jostedalen - Mjølversgrendi;SN55430;18.09.2023 11:00;2,3;7,6;98
Jostedalen - Mjølversgrendi;SN55430;18.09.2023 12:00;0,7;7,8;97
Jostedalen - Mjølversgrendi;SN55430;18.09.2023 13:00;0;7,7;97
Jostedalen - Mjølversgrendi;SN55430;18.09.2023 14:00;0;8,3;98
Jostedalen - Mjølversgrendi;SN55430;18.09.2023 15:00;0;8,4;98
Jostedalen - Mjølversgrendi;SN55430;18.09.2023 16:00;0;8,9;98
Jostedalen - Mjølversgrendi;SN55430;18.09.2023 17:00;0,2;8,3;97
Jostedalen - Mjølversgrendi;SN55430;18.09.2023 18:00;0,4;8,5;98
Jostedalen - Mjølversgrendi;SN55430;18.09.2023 19:00;2,4;8,2;98
Jostedalen - Mjølversgrendi;SN55430;18.09.2023 20:00;2,6;9;98
Jostedalen - Mjølversgrendi;SN55430;18.09.2023 21:00;0,2;8,6;98
Jostedalen - Mjølversgrendi;SN55430;18.09.2023 22:00;1,7;8,6;98
Jostedalen - Mjølversgrendi;SN55430;18.09.2023 23:00;0,9;8,7;98
Jostedalen - Mjølversgrendi;SN55430;19.09.2023 00:00;0,3;8,8;98
Jostedalen - Mjølversgrendi;SN55430;19.09.2023 01:00;0,1;8,9;99
Jostedalen - Mjølversgrendi;SN55430;19.09.2023 02:00;0;8,9;99
Jostedalen - Mjølversgrendi;SN55430;19.09.2023 03:00;0;8,9;99
Jostedalen - Mjølversgrendi;SN55430;19.09.2023 04:00;0;8;99
Jostedalen - Mjølversgrendi;SN55430;19.09.2023 05:00;0;7,5;98
Jostedalen - Mjølversgrendi;SN55430;19.09.2023 06:00;0,1;8,5;99
Jostedalen - Mjølversgrendi;SN55430;19.09.2023 07:00;0,6;8,3;99
Jostedalen - Mjølversgrendi;SN55430;19.09.2023 08:00;2,5;8,2;98
Jostedalen - Mjølversgrendi;SN55430;19.09.2023 09:00;6,4;8,3;99
Jostedalen - Mjølversgrendi;SN55430;19.09.2023 10:00;3,2;9,1;99
Jostedalen - Mjølversgrendi;SN55430;19.09.2023 11:00;0,9;9;97
Jostedalen - Mjølversgrendi;SN55430;19.09.2023 12:00;0,2;10,2;85
Jostedalen - Mjølversgrendi;SN55430;19.09.2023 13:00;0,1;9,7;85
Jostedalen - Mjølversgrendi;SN55430;19.09.2023 14:00;0;9,5;84
Jostedalen - Mjølversgrendi;SN55430;19.09.2023 15:00;0;10;80
Jostedalen - Mjølversgrendi;SN55430;19.09.2023 16:00;0,3;9,4;90
Jostedalen - Mjølversgrendi;SN55430;19.09.2023 17:00;0;9,6;88
Jostedalen - Mjølversgrendi;SN55430;19.09.2023 18:00;0;9,4;90
Jostedalen - Mjølversgrendi;SN55430;19.09.2023 19:00;0;9,2;86
Jostedalen - Mjølversgrendi;SN55430;19.09.2023 20:00;0;8,8;84
Jostedalen - Mjølversgrendi;SN55430;19.09.2023 21:00;0;8,7;82
Jostedalen - Mjølversgrendi;SN55430;19.09.2023 22:00;0;7,9;89
Jostedalen - Mjølversgrendi;SN55430;19.09.2023 23:00;0;7,6;90
Jostedalen - Mjølversgrendi;SN55430;20.09.2023 00:00;0,1;7,1;92
Jostedalen - Mjølversgrendi;SN55430;20.09.2023 01:00;0;6,4;95
Jostedalen - Mjølversgrendi;SN55430;20.09.2023 02:00;0;6,4;93
Jostedalen - Mjølversgrendi;SN55430;20.09.2023 03:00;0,1;6,4;96
Jostedalen - Mjølversgrendi;SN55430;20.09.2023 04:00;0;5,9;97
Jostedalen - Mjølversgrendi;SN55430;20.09.2023 05:00;0;5,8;96
Jostedalen - Mjølversgrendi;SN55430;20.09.2023 06:00;0,1;6;98
Jostedalen - Mjølversgrendi;SN55430;20.09.2023 07:00;0;5,8;98
Jostedalen - Mjølversgrendi;SN55430;20.09.2023 08:00;0;6,6;98
Jostedalen - Mjølversgrendi;SN55430;20.09.2023 09:00;0;7,4;96
Jostedalen - Mjølversgrendi;SN55430;20.09.2023 10:00;0;8,1;92
Jostedalen - Mjølversgrendi;SN55430;20.09.2023 11:00;0,1;9,1;87
Jostedalen - Mjølversgrendi;SN55430;20.09.2023 12:00;0,6;8,6;90
Jostedalen - Mjølversgrendi;SN55430;20.09.2023 13:00;0,7;8,4;91
Jostedalen - Mjølversgrendi;SN55430;20.09.2023 14:00;1,5;8,1;93
Jostedalen - Mjølversgrendi;SN55430;20.09.2023 15:00;1,8;7,5;95
Jostedalen - Mjølversgrendi;SN55430;20.09.2023 16:00;3,1;7,3;96
Jostedalen - Mjølversgrendi;SN55430;20.09.2023 17:00;2,9;7,4;97
Jostedalen - Mjølversgrendi;SN55430;20.09.2023 18:00;1,5;7,4;98
Jostedalen - Mjølversgrendi;SN55430;20.09.2023 19:00;2,5;7,4;98
Jostedalen - Mjølversgrendi;SN55430;20.09.2023 20:00;1,3;7,3;98
Jostedalen - Mjølversgrendi;SN55430;20.09.2023 21:00;4,4;7,5;98
Jostedalen - Mjølversgrendi;SN55430;20.09.2023 22:00;0,6;7,6;98
Jostedalen - Mjølversgrendi;SN55430;20.09.2023 23:00;2,8;7,7;98
Jostedalen - Mjølversgrendi;SN55430;21.09.2023 00:00;3,6;7,7;98
Jostedalen - Mjølversgrendi;SN55430;21.09.2023 01:00;2,7;8;98
Jostedalen - Mjølversgrendi;SN55430;21.09.2023 02:00;4,7;7,8;98
Jostedalen - Mjølversgrendi;SN55430;21.09.2023 03:00;1,7;8;98
Jostedalen - Mjølversgrendi;SN55430;21.09.2023 04:00;1;7,9;99
Jostedalen - Mjølversgrendi;SN55430;21.09.2023 05:00;0,4;8,2;99
Jostedalen - Mjølversgrendi;SN55430;21.09.2023 06:00;0,5;8,4;99
Jostedalen - Mjølversgrendi;SN55430;21.09.2023 07:00;0,8;8,5;99
Jostedalen - Mjølversgrendi;SN55430;21.09.2023 08:00;0,8;8,8;99
Jostedalen - Mjølversgrendi;SN55430;21.09.2023 09:00;1,6;9,7;99
Jostedalen - Mjølversgrendi;SN55430;21.09.2023 10:00;2,5;9,4;98
Jostedalen - Mjølversgrendi;SN55430;21.09.2023 11:00;3;9,7;98
Jostedalen - Mjølversgrendi;SN55430;21.09.2023 12:00;1,2;9,8;98
Jostedalen - Mjølversgrendi;SN55430;21.09.2023 13:00;0,3;10,4;97
Jostedalen - Mjølversgrendi;SN55430;21.09.2023 14:00;0;10,9;95
Jostedalen - Mjølversgrendi;SN55430;21.09.2023 15:00;0;11;91
Jostedalen - Mjølversgrendi;SN55430;21.09.2023 16:00;0;11,2;91
Jostedalen - Mjølversgrendi;SN55430;21.09.2023 17:00;0,1;10,6;92
Jostedalen - Mjølversgrendi;SN55430;21.09.2023 18:00;0;10,6;95
Jostedalen - Mjølversgrendi;SN55430;21.09.2023 19:00;0;9,9;97
Jostedalen - Mjølversgrendi;SN55430;21.09.2023 20:00;0;9,9;94
Jostedalen - Mjølversgrendi;SN55430;21.09.2023 21:00;0;9,5;98
Jostedalen - Mjølversgrendi;SN55430;21.09.2023 22:00;0;8,7;97
Jostedalen - Mjølversgrendi;SN55430;21.09.2023 23:00;0;8,6;98
Jostedalen - Mjølversgrendi;SN55430;22.09.2023 00:00;0;8,4;98
Jostedalen - Mjølversgrendi;SN55430;22.09.2023 01:00;0;8,3;98
Jostedalen - Mjølversgrendi;SN55430;22.09.2023 02:00;0;8;99
Jostedalen - Mjølversgrendi;SN55430;22.09.2023 03:00;0;7,7;98
Jostedalen - Mjølversgrendi;SN55430;22.09.2023 04:00;0;7,9;98
Jostedalen - Mjølversgrendi;SN55430;22.09.2023 05:00;0;7,8;98
Jostedalen - Mjølversgrendi;SN55430;22.09.2023 06:00;0;7,5;98
Jostedalen - Mjølversgrendi;SN55430;22.09.2023 07:00;0,2;7,6;98
Jostedalen - Mjølversgrendi;SN55430;22.09.2023 08:00;0;8,4;98
Jostedalen - Mjølversgrendi;SN55430;22.09.2023 09:00;0;8,9;98
Jostedalen - Mjølversgrendi;SN55430;22.09.2023 10:00;0;10;96
Jostedalen - Mjølversgrendi;SN55430;22.09.2023 11:00;0;11,9;83
Jostedalen - Mjølversgrendi;SN55430;22.09.2023 12:00;0;12,9;67
Jostedalen - Mjølversgrendi;SN55430;22.09.2023 13:00;0;14,6;61
Jostedalen - Mjølversgrendi;SN55430;22.09.2023 14:00;0;13,5;62
Jostedalen - Mjølversgrendi;SN55430;22.09.2023 15:00;0;14,2;56
Jostedalen - Mjølversgrendi;SN55430;22.09.2023 16:00;0;14,6;54
Jostedalen - Mjølversgrendi;SN55430;22.09.2023 17:00;0;11,2;79
Jostedalen - Mjølversgrendi;SN55430;22.09.2023 18:00;0;10,6;85
Jostedalen - Mjølversgrendi;SN55430;22.09.2023 19:00;0;10,1;86
Jostedalen - Mjølversgrendi;SN55430;22.09.2023 20:00;0,1;9,6;87
Jostedalen - Mjølversgrendi;SN55430;22.09.2023 21:00;0,1;8,9;94
Jostedalen - Mjølversgrendi;SN55430;22.09.2023 22:00;0;8,7;95
Jostedalen - Mjølversgrendi;SN55430;22.09.2023 23:00;0;8,2;95
Jostedalen - Mjølversgrendi;SN55430;23.09.2023 00:00;0;8;97
Jostedalen - Mjølversgrendi;SN55430;23.09.2023 01:00;0;7,5;97
Jostedalen - Mjølversgrendi;SN55430;23.09.2023 02:00;0;7,4;98
Jostedalen - Mjølversgrendi;SN55430;23.09.2023 03:00;0;6,8;97
Jostedalen - Mjølversgrendi;SN55430;23.09.2023 04:00;0;7,1;98
Jostedalen - Mjølversgrendi;SN55430;23.09.2023 05:00;0;7,2;98
Jostedalen - Mjølversgrendi;SN55430;23.09.2023 06:00;0;7,4;99
Jostedalen - Mjølversgrendi;SN55430;23.09.2023 07:00;0;7,6;98
Jostedalen - Mjølversgrendi;SN55430;23.09.2023 08:00;0;7,7;98
Jostedalen - Mjølversgrendi;SN55430;23.09.2023 09:00;0;8;98
Jostedalen - Mjølversgrendi;SN55430;23.09.2023 10:00;0,1;9,1;96
Jostedalen - Mjølversgrendi;SN55430;23.09.2023 11:00;0;11,4;81
Jostedalen - Mjølversgrendi;SN55430;23.09.2023 12:00;0;11,7;75
Jostedalen - Mjølversgrendi;SN55430;23.09.2023 13:00;0,2;11,6;80
Jostedalen - Mjølversgrendi;SN55430;23.09.2023 14:00;0,4;10,5;87
Jostedalen - Mjølversgrendi;SN55430;23.09.2023 15:00;0,4;10,9;82
Jostedalen - Mjølversgrendi;SN55430;23.09.2023 16:00;0,3;11,3;86
Jostedalen - Mjølversgrendi;SN55430;23.09.2023 17:00;0;11,2;79
Jostedalen - Mjølversgrendi;SN55430;23.09.2023 18:00;0;10,3;83
Jostedalen - Mjølversgrendi;SN55430;23.09.2023 19:00;0,2;9,8;81
Jostedalen - Mjølversgrendi;SN55430;23.09.2023 20:00;0;9,5;79
Jostedalen - Mjølversgrendi;SN55430;23.09.2023 21:00;0,1;8,6;86
Jostedalen - Mjølversgrendi;SN55430;23.09.2023 22:00;0,1;8;83
Jostedalen - Mjølversgrendi;SN55430;23.09.2023 23:00;0;6,8;90
Jostedalen - Mjølversgrendi;SN55430;24.09.2023 00:00;0;7,1;88
Jostedalen - Mjølversgrendi;SN55430;24.09.2023 01:00;0;7,2;85
Jostedalen - Mjølversgrendi;SN55430;24.09.2023 02:00;0,1;7,7;80
Jostedalen - Mjølversgrendi;SN55430;24.09.2023 03:00;0;7,3;81
Jostedalen - Mjølversgrendi;SN55430;24.09.2023 04:00;0;6,2;88
Jostedalen - Mjølversgrendi;SN55430;24.09.2023 05:00;0;6;90
Jostedalen - Mjølversgrendi;SN55430;24.09.2023 06:00;0;5,6;91
Jostedalen - Mjølversgrendi;SN55430;24.09.2023 07:00;0,1;6,3;87
Jostedalen - Mjølversgrendi;SN55430;24.09.2023 08:00;0;6,8;84
Jostedalen - Mjølversgrendi;SN55430;24.09.2023 09:00;0;7,5;81
Jostedalen - Mjølversgrendi;SN55430;24.09.2023 10:00;0;8;73
Jostedalen - Mjølversgrendi;SN55430;24.09.2023 11:00;0;9,6;65
Jostedalen - Mjølversgrendi;SN55430;24.09.2023 12:00;0;10,3;58
Jostedalen - Mjølversgrendi;SN55430;24.09.2023 13:00;0;10,2;56
Jostedalen - Mjølversgrendi;SN55430;24.09.2023 14:00;0;10,6;57
Jostedalen - Mjølversgrendi;SN55430;24.09.2023 15:00;0;10,6;55
Jostedalen - Mjølversgrendi;SN55430;24.09.2023 16:00;0;10;68
Jostedalen - Mjølversgrendi;SN55430;24.09.2023 17:00;0,1;8,8;78
Jostedalen - Mjølversgrendi;SN55430;24.09.2023 18:00;0,5;7,8;92
Jostedalen - Mjølversgrendi;SN55430;24.09.2023 19:00;0,1;7,4;92
Jostedalen - Mjølversgrendi;SN55430;24.09.2023 20:00;0;7,2;95
Jostedalen - Mjølversgrendi;SN55430;24.09.2023 21:00;0;7,3;91
Jostedalen - Mjølversgrendi;SN55430;24.09.2023 22:00;0,2;7,2;93
Jostedalen - Mjølversgrendi;SN55430;24.09.2023 23:00;1;6,9;96
Jostedalen - Mjølversgrendi;SN55430;25.09.2023 00:00;0,8;7,1;97
Jostedalen - Mjølversgrendi;SN55430;25.09.2023 01:00;1,4;7;97
Jostedalen - Mjølversgrendi;SN55430;25.09.2023 02:00;0,7;7,3;98
Jostedalen - Mjølversgrendi;SN55430;25.09.2023 03:00;2;7,1;98
Jostedalen - Mjølversgrendi;SN55430;25.09.2023 04:00;2,1;7;98
Jostedalen - Mjølversgrendi;SN55430;25.09.2023 05:00;0,7;7,2;98
Jostedalen - Mjølversgrendi;SN55430;25.09.2023 06:00;1,2;7,2;98
Jostedalen - Mjølversgrendi;SN55430;25.09.2023 07:00;2,7;7,4;99
Jostedalen - Mjølversgrendi;SN55430;25.09.2023 08:00;2;7,6;99
Jostedalen - Mjølversgrendi;SN55430;25.09.2023 09:00;1,5;11,2;95
Jostedalen - Mjølversgrendi;SN55430;25.09.2023 10:00;1,6;12,2;86
Jostedalen - Mjølversgrendi;SN55430;25.09.2023 11:00;5,7;12,2;87
Jostedalen - Mjølversgrendi;SN55430;25.09.2023 12:00;0,1;13,7;80
Jostedalen - Mjølversgrendi;SN55430;25.09.2023 13:00;0,2;13,5;82
Jostedalen - Mjølversgrendi;SN55430;25.09.2023 14:00;0,3;15,5;64
Jostedalen - Mjølversgrendi;SN55430;25.09.2023 15:00;0,3;14,7;68
Jostedalen - Mjølversgrendi;SN55430;25.09.2023 16:00;0;15;64
Jostedalen - Mjølversgrendi;SN55430;25.09.2023 17:00;0;14,7;63
Jostedalen - Mjølversgrendi;SN55430;25.09.2023 18:00;0;13,8;68
Jostedalen - Mjølversgrendi;SN55430;25.09.2023 19:00;0,1;12,9;77
Jostedalen - Mjølversgrendi;SN55430;25.09.2023 20:00;1,7;11,9;88
Jostedalen - Mjølversgrendi;SN55430;25.09.2023 21:00;3,7;10,3;96
Jostedalen - Mjølversgrendi;SN55430;25.09.2023 22:00;2,5;11,6;89
Jostedalen - Mjølversgrendi;SN55430;25.09.2023 23:00;0,6;10,9;94
Jostedalen - Mjølversgrendi;SN55430;26.09.2023 00:00;1,3;11;91
Jostedalen - Mjølversgrendi;SN55430;26.09.2023 01:00;0,3;10,1;97
Jostedalen - Mjølversgrendi;SN55430;26.09.2023 02:00;0,3;9,9;97
Jostedalen - Mjølversgrendi;SN55430;26.09.2023 03:00;0,2;10,3;96
Jostedalen - Mjølversgrendi;SN55430;26.09.2023 04:00;0;11,4;84
Jostedalen - Mjølversgrendi;SN55430;26.09.2023 05:00;0;12,7;73
Jostedalen - Mjølversgrendi;SN55430;26.09.2023 06:00;0;11,9;78
Jostedalen - Mjølversgrendi;SN55430;26.09.2023 07:00;0;10,5;89
Jostedalen - Mjølversgrendi;SN55430;26.09.2023 08:00;0;11,2;82
Jostedalen - Mjølversgrendi;SN55430;26.09.2023 09:00;0;12,3;79
Jostedalen - Mjølversgrendi;SN55430;26.09.2023 10:00;0;13,4;76
Jostedalen - Mjølversgrendi;SN55430;26.09.2023 11:00;0;13,4;70
Jostedalen - Mjølversgrendi;SN55430;26.09.2023 12:00;0;13,8;77
Jostedalen - Mjølversgrendi;SN55430;26.09.2023 13:00;0;13,8;80
Jostedalen - Mjølversgrendi;SN55430;26.09.2023 14:00;0;14,1;72
Jostedalen - Mjølversgrendi;SN55430;26.09.2023 15:00;0;13,7;78
Jostedalen - Mjølversgrendi;SN55430;26.09.2023 16:00;0;13,8;74
Jostedalen - Mjølversgrendi;SN55430;26.09.2023 17:00;0;12,3;83
Jostedalen - Mjølversgrendi;SN55430;26.09.2023 18:00;0;10,7;85
Jostedalen - Mjølversgrendi;SN55430;26.09.2023 19:00;0;9,3;91
Jostedalen - Mjølversgrendi;SN55430;26.09.2023 20:00;0;9,1;91
Jostedalen - Mjølversgrendi;SN55430;26.09.2023 21:00;0;8,4;92
Jostedalen - Mjølversgrendi;SN55430;26.09.2023 22:00;0;8,6;93
Jostedalen - Mjølversgrendi;SN55430;26.09.2023 23:00;0;8,5;93
Jostedalen - Mjølversgrendi;SN55430;27.09.2023 00:00;0;8,9;92
Jostedalen - Mjølversgrendi;SN55430;27.09.2023 01:00;0;8,6;94
Jostedalen - Mjølversgrendi;SN55430;27.09.2023 02:00;0,4;8,5;95
Jostedalen - Mjølversgrendi;SN55430;27.09.2023 03:00;1;8,7;97
Jostedalen - Mjølversgrendi;SN55430;27.09.2023 04:00;0,4;8,6;98
Jostedalen - Mjølversgrendi;SN55430;27.09.2023 05:00;0,2;8,6;98
Jostedalen - Mjølversgrendi;SN55430;27.09.2023 06:00;0,5;8,6;98
Jostedalen - Mjølversgrendi;SN55430;27.09.2023 07:00;0,3;8,7;98
Jostedalen - Mjølversgrendi;SN55430;27.09.2023 08:00;1,2;8,6;98
Jostedalen - Mjølversgrendi;SN55430;27.09.2023 09:00;3;9;98
Jostedalen - Mjølversgrendi;SN55430;27.09.2023 10:00;0,8;9,7;97
Jostedalen - Mjølversgrendi;SN55430;27.09.2023 11:00;1,2;10,9;90
Jostedalen - Mjølversgrendi;SN55430;27.09.2023 12:00;0;11,3;82
Jostedalen - Mjølversgrendi;SN55430;27.09.2023 13:00;0,9;10,9;91
Jostedalen - Mjølversgrendi;SN55430;27.09.2023 14:00;0;11,6;83
Jostedalen - Mjølversgrendi;SN55430;27.09.2023 15:00;0;11,1;90
Jostedalen - Mjølversgrendi;SN55430;27.09.2023 16:00;0,1;11;89
Jostedalen - Mjølversgrendi;SN55430;27.09.2023 17:00;0;10,4;87
Jostedalen - Mjølversgrendi;SN55430;27.09.2023 18:00;0,1;9,8;89
Jostedalen - Mjølversgrendi;SN55430;27.09.2023 19:00;0;9,3;90
Jostedalen - Mjølversgrendi;SN55430;27.09.2023 20:00;0;8,8;96
Jostedalen - Mjølversgrendi;SN55430;27.09.2023 21:00;0;8,1;97
Jostedalen - Mjølversgrendi;SN55430;27.09.2023 22:00;0;8,1;96
Jostedalen - Mjølversgrendi;SN55430;27.09.2023 23:00;0;7,7;97
Jostedalen - Mjølversgrendi;SN55430;28.09.2023 00:00;0;8,3;98
Jostedalen - Mjølversgrendi;SN55430;28.09.2023 01:00;0;8,1;98
Jostedalen - Mjølversgrendi;SN55430;28.09.2023 02:00;0;7,6;97
Jostedalen - Mjølversgrendi;SN55430;28.09.2023 03:00;0;8;97
Jostedalen - Mjølversgrendi;SN55430;28.09.2023 04:00;0;7,5;97
Jostedalen - Mjølversgrendi;SN55430;28.09.2023 05:00;0;7,3;94
Jostedalen - Mjølversgrendi;SN55430;28.09.2023 06:00;0;7,2;96
Jostedalen - Mjølversgrendi;SN55430;28.09.2023 07:00;0,1;7,8;98
Jostedalen - Mjølversgrendi;SN55430;28.09.2023 08:00;0,1;7,8;95
Jostedalen - Mjølversgrendi;SN55430;28.09.2023 09:00;0,3;8;97
Jostedalen - Mjølversgrendi;SN55430;28.09.2023 10:00;1,2;8,1;98
Jostedalen - Mjølversgrendi;SN55430;28.09.2023 11:00;0,4;8,4;96
Jostedalen - Mjølversgrendi;SN55430;28.09.2023 12:00;1,9;10,4;93
Jostedalen - Mjølversgrendi;SN55430;28.09.2023 13:00;3,9;11,4;95
Jostedalen - Mjølversgrendi;SN55430;28.09.2023 14:00;1,9;11,7;97
Jostedalen - Mjølversgrendi;SN55430;28.09.2023 15:00;1,4;11,8;95
Jostedalen - Mjølversgrendi;SN55430;28.09.2023 16:00;1,1;12,1;95
Jostedalen - Mjølversgrendi;SN55430;28.09.2023 17:00;1,7;13,2;89
Jostedalen - Mjølversgrendi;SN55430;28.09.2023 18:00;0,8;13,5;87
Jostedalen - Mjølversgrendi;SN55430;28.09.2023 19:00;0,9;13,4;87
Jostedalen - Mjølversgrendi;SN55430;28.09.2023 20:00;0;13,5;83
Jostedalen - Mjølversgrendi;SN55430;28.09.2023 21:00;0;13,9;80
Jostedalen - Mjølversgrendi;SN55430;28.09.2023 22:00;0;13;85
Jostedalen - Mjølversgrendi;SN55430;28.09.2023 23:00;0,2;11,9;94
Jostedalen - Mjølversgrendi;SN55430;29.09.2023 00:00;0;11,6;95
Jostedalen - Mjølversgrendi;SN55430;29.09.2023 01:00;0,6;12,7;88
Jostedalen - Mjølversgrendi;SN55430;29.09.2023 02:00;0;12,2;89
Jostedalen - Mjølversgrendi;SN55430;29.09.2023 03:00;0;13,1;80
Jostedalen - Mjølversgrendi;SN55430;29.09.2023 04:00;0;12,4;84
Jostedalen - Mjølversgrendi;SN55430;29.09.2023 05:00;0;11,3;88
Jostedalen - Mjølversgrendi;SN55430;29.09.2023 06:00;0;11,7;84
Jostedalen - Mjølversgrendi;SN55430;29.09.2023 07:00;0;10,5;91
Jostedalen - Mjølversgrendi;SN55430;29.09.2023 08:00;0,1;10,2;91
Jostedalen - Mjølversgrendi;SN55430;29.09.2023 09:00;0,1;10,3;96
Jostedalen - Mjølversgrendi;SN55430;29.09.2023 10:00;0,2;10,2;93
Jostedalen - Mjølversgrendi;SN55430;29.09.2023 11:00;0,3;10,5;93
Jostedalen - Mjølversgrendi;SN55430;29.09.2023 12:00;0,3;10,7;96
Jostedalen - Mjølversgrendi;SN55430;29.09.2023 13:00;0,3;10,9;95
Jostedalen - Mjølversgrendi;SN55430;29.09.2023 14:00;0,1;10,7;88
Jostedalen - Mjølversgrendi;SN55430;29.09.2023 15:00;0,1;11,2;95
Jostedalen - Mjølversgrendi;SN55430;29.09.2023 16:00;0,1;10,7;88
Jostedalen - Mjølversgrendi;SN55430;29.09.2023 17:00;0;11,3;91
Jostedalen - Mjølversgrendi;SN55430;29.09.2023 18:00;0,2;10,6;91
Jostedalen - Mjølversgrendi;SN55430;29.09.2023 19:00;0;10;95
Jostedalen - Mjølversgrendi;SN55430;29.09.2023 20:00;0,2;10,2;90
Jostedalen - Mjølversgrendi;SN55430;29.09.2023 21:00;0,2;11;81
Jostedalen - Mjølversgrendi;SN55430;29.09.2023 22:00;0,1;10,4;84
Jostedalen - Mjølversgrendi;SN55430;29.09.2023 23:00;1;9,9;88
Jostedalen - Mjølversgrendi;SN55430;30.09.2023 00:00;3,5;9,8;87
Jostedalen - Mjølversgrendi;SN55430;30.09.2023 01:00;0,6;9;93
Jostedalen - Mjølversgrendi;SN55430;30.09.2023 02:00;0,4;8,5;96
Jostedalen - Mjølversgrendi;SN55430;30.09.2023 03:00;0,2;8,6;87
Jostedalen - Mjølversgrendi;SN55430;30.09.2023 04:00;0,1;8,5;89
Jostedalen - Mjølversgrendi;SN55430;30.09.2023 05:00;0,7;8,8;88
Jostedalen - Mjølversgrendi;SN55430;30.09.2023 06:00;1,2;8,8;88
Jostedalen - Mjølversgrendi;SN55430;30.09.2023 07:00;2,9;8,1;93
Jostedalen - Mjølversgrendi;SN55430;30.09.2023 08:00;1,2;7,5;96
Jostedalen - Mjølversgrendi;SN55430;30.09.2023 09:00;1,3;8;96
Jostedalen - Mjølversgrendi;SN55430;30.09.2023 10:00;0,5;8,1;89
Jostedalen - Mjølversgrendi;SN55430;30.09.2023 11:00;0,1;8,6;91
Jostedalen - Mjølversgrendi;SN55430;30.09.2023 12:00;0;9,3;88
Jostedalen - Mjølversgrendi;SN55430;30.09.2023 13:00;0,1;9,7;87
Jostedalen - Mjølversgrendi;SN55430;30.09.2023 14:00;0,2;9,8;90
Jostedalen - Mjølversgrendi;SN55430;30.09.2023 15:00;0,1;10,4;93
Jostedalen - Mjølversgrendi;SN55430;30.09.2023 16:00;0,1;9,6;92
Jostedalen - Mjølversgrendi;SN55430;30.09.2023 17:00;0;9,7;94
Jostedalen - Mjølversgrendi;SN55430;30.09.2023 18:00;0,1;9,2;96
Jostedalen - Mjølversgrendi;SN55430;30.09.2023 19:00;0,1;9,3;90
Jostedalen - Mjølversgrendi;SN55430;30.09.2023 20:00;0,5;9;97
Jostedalen - Mjølversgrendi;SN55430;30.09.2023 21:00;0;8,8;97
Jostedalen - Mjølversgrendi;SN55430;30.09.2023 22:00;0;9,2;96
Jostedalen - Mjølversgrendi;SN55430;30.09.2023 23:00;0;8,7;97
Jostedalen - Mjølversgrendi;SN55430;01.10.2023 00:00;0;8,8;97
Jostedalen - Mjølversgrendi;SN55430;01.10.2023 01:00;0;8,5;97
Jostedalen - Mjølversgrendi;SN55430;01.10.2023 02:00;0;8,2;95
Jostedalen - Mjølversgrendi;SN55430;01.10.2023 03:00;0;7,9;93
Jostedalen - Mjølversgrendi;SN55430;01.10.2023 04:00;0;7,3;94
Jostedalen - Mjølversgrendi;SN55430;01.10.2023 05:00;0;6,6;95
Jostedalen - Mjølversgrendi;SN55430;01.10.2023 06:00;0;6,1;97
Jostedalen - Mjølversgrendi;SN55430;01.10.2023 07:00;0;6,4;98
Jostedalen - Mjølversgrendi;SN55430;01.10.2023 08:00;0;6,5;98
Jostedalen - Mjølversgrendi;SN55430;01.10.2023 09:00;0;6,8;97
Jostedalen - Mjølversgrendi;SN55430;01.10.2023 10:00;0;8;90
Jostedalen - Mjølversgrendi;SN55430;01.10.2023 11:00;0;9,1;86
Jostedalen - Mjølversgrendi;SN55430;01.10.2023 12:00;0;9,9;78
Jostedalen - Mjølversgrendi;SN55430;01.10.2023 13:00;0;10,5;74
Jostedalen - Mjølversgrendi;SN55430;01.10.2023 14:00;0;10,3;69
Jostedalen - Mjølversgrendi;SN55430;01.10.2023 15:00;0;10,2;65
Jostedalen - Mjølversgrendi;SN55430;01.10.2023 16:00;0;9,6;74
Jostedalen - Mjølversgrendi;SN55430;01.10.2023 17:00;0;9,3;81
Jostedalen - Mjølversgrendi;SN55430;01.10.2023 18:00;0;8,6;79
Jostedalen - Mjølversgrendi;SN55430;01.10.2023 19:00;0;7,9;86
Jostedalen - Mjølversgrendi;SN55430;01.10.2023 20:00;0,1;7,9;86
Jostedalen - Mjølversgrendi;SN55430;01.10.2023 21:00;0,3;7,4;90
Jostedalen - Mjølversgrendi;SN55430;01.10.2023 22:00;0,3;7,1;91
Jostedalen - Mjølversgrendi;SN55430;01.10.2023 23:00;0,6;6,8;97
Jostedalen - Mjølversgrendi;SN55430;02.10.2023 00:00;0,1;6,8;97
Jostedalen - Mjølversgrendi;SN55430;02.10.2023 01:00;0,4;6,7;97
Jostedalen - Mjølversgrendi;SN55430;02.10.2023 02:00;0,1;6,6;98
Jostedalen - Mjølversgrendi;SN55430;02.10.2023 03:00;0;6,2;98
Jostedalen - Mjølversgrendi;SN55430;02.10.2023 04:00;0,2;6,1;98
Jostedalen - Mjølversgrendi;SN55430;02.10.2023 05:00;0;6,3;98
Jostedalen - Mjølversgrendi;SN55430;02.10.2023 06:00;0;6,3;98
Jostedalen - Mjølversgrendi;SN55430;02.10.2023 07:00;0;6,3;98
Jostedalen - Mjølversgrendi;SN55430;02.10.2023 08:00;0;6,6;99
Jostedalen - Mjølversgrendi;SN55430;02.10.2023 09:00;0;6,9;98
Jostedalen - Mjølversgrendi;SN55430;02.10.2023 10:00;0;7,9;93
Jostedalen - Mjølversgrendi;SN55430;02.10.2023 11:00;0;8,3;89
Jostedalen - Mjølversgrendi;SN55430;02.10.2023 12:00;0;8,5;88
Jostedalen - Mjølversgrendi;SN55430;02.10.2023 13:00;0,2;9,7;81
Jostedalen - Mjølversgrendi;SN55430;02.10.2023 14:00;0;9,5;80
Jostedalen - Mjølversgrendi;SN55430;02.10.2023 15:00;0;9;84
Jostedalen - Mjølversgrendi;SN55430;02.10.2023 16:00;0,3;8,9;93
Jostedalen - Mjølversgrendi;SN55430;02.10.2023 17:00;0;8,8;92
Jostedalen - Mjølversgrendi;SN55430;02.10.2023 18:00;1,1;8,5;95
Jostedalen - Mjølversgrendi;SN55430;02.10.2023 19:00;0,4;8,4;91
Jostedalen - Mjølversgrendi;SN55430;02.10.2023 20:00;0,1;7,8;95
Jostedalen - Mjølversgrendi;SN55430;02.10.2023 21:00;1,7;7,5;97
Jostedalen - Mjølversgrendi;SN55430;02.10.2023 22:00;0,2;7,4;97
Jostedalen - Mjølversgrendi;SN55430;02.10.2023 23:00;0,3;7,3;97
Jostedalen - Mjølversgrendi;SN55430;03.10.2023 00:00;0,2;6,9;98
Jostedalen - Mjølversgrendi;SN55430;03.10.2023 01:00;0;7;98
Jostedalen - Mjølversgrendi;SN55430;03.10.2023 02:00;0;6,9;98
Jostedalen - Mjølversgrendi;SN55430;03.10.2023 03:00;0;6,8;96
Jostedalen - Mjølversgrendi;SN55430;03.10.2023 04:00;0;7;97
Jostedalen - Mjølversgrendi;SN55430;03.10.2023 05:00;0;6,6;97
Jostedalen - Mjølversgrendi;SN55430;03.10.2023 06:00;0;6,4;98
Jostedalen - Mjølversgrendi;SN55430;03.10.2023 07:00;0;6,6;98
Jostedalen - Mjølversgrendi;SN55430;03.10.2023 08:00;0;6,3;98
Jostedalen - Mjølversgrendi;SN55430;03.10.2023 09:00;0;6,7;99
Jostedalen - Mjølversgrendi;SN55430;03.10.2023 10:00;0,1;7,2;98
Jostedalen - Mjølversgrendi;SN55430;03.10.2023 11:00;0;7,8;95
Jostedalen - Mjølversgrendi;SN55430;03.10.2023 12:00;0;9;86
Jostedalen - Mjølversgrendi;SN55430;03.10.2023 13:00;0;10,2;80
Jostedalen - Mjølversgrendi;SN55430;03.10.2023 14:00;0;9,3;86
Jostedalen - Mjølversgrendi;SN55430;03.10.2023 15:00;0;9,3;83
Jostedalen - Mjølversgrendi;SN55430;03.10.2023 16:00;0;9,2;85
Jostedalen - Mjølversgrendi;SN55430;03.10.2023 17:00;0;9,4;84
Jostedalen - Mjølversgrendi;SN55430;03.10.2023 18:00;0,2;8,9;87
Jostedalen - Mjølversgrendi;SN55430;03.10.2023 19:00;0;9;84
Jostedalen - Mjølversgrendi;SN55430;03.10.2023 20:00;1;8,2;88
Jostedalen - Mjølversgrendi;SN55430;03.10.2023 21:00;0;8,1;84
Jostedalen - Mjølversgrendi;SN55430;03.10.2023 22:00;0,2;7,7;88
Jostedalen - Mjølversgrendi;SN55430;03.10.2023 23:00;0,6;7,1;93
Jostedalen - Mjølversgrendi;SN55430;04.10.2023 00:00;0,4;7,3;92
Jostedalen - Mjølversgrendi;SN55430;04.10.2023 01:00;0,1;7;92
Jostedalen - Mjølversgrendi;SN55430;04.10.2023 02:00;0,2;7,3;90
Jostedalen - Mjølversgrendi;SN55430;04.10.2023 03:00;0,1;7,3;89
Jostedalen - Mjølversgrendi;SN55430;04.10.2023 04:00;0,2;7,2;89
Jostedalen - Mjølversgrendi;SN55430;04.10.2023 05:00;0,2;7,2;89
Jostedalen - Mjølversgrendi;SN55430;04.10.2023 06:00;0,1;6,9;91
Jostedalen - Mjølversgrendi;SN55430;04.10.2023 07:00;0,1;6,6;93
Jostedalen - Mjølversgrendi;SN55430;04.10.2023 08:00;0;7;92
Jostedalen - Mjølversgrendi;SN55430;04.10.2023 09:00;0;7,5;87
Jostedalen - Mjølversgrendi;SN55430;04.10.2023 10:00;0;8;92
Jostedalen - Mjølversgrendi;SN55430;04.10.2023 11:00;0;9;80
Jostedalen - Mjølversgrendi;SN55430;04.10.2023 12:00;0;9,9;78
Jostedalen - Mjølversgrendi;SN55430;04.10.2023 13:00;0;10;76
Jostedalen - Mjølversgrendi;SN55430;04.10.2023 14:00;0;10,7;76
Jostedalen - Mjølversgrendi;SN55430;04.10.2023 15:00;0;11,4;66
Jostedalen - Mjølversgrendi;SN55430;04.10.2023 16:00;0;10,7;67
Jostedalen - Mjølversgrendi;SN55430;04.10.2023 17:00;0;10,1;69
Jostedalen - Mjølversgrendi;SN55430;04.10.2023 18:00;0;9,1;76
Jostedalen - Mjølversgrendi;SN55430;04.10.2023 19:00;0;8,1;81
Jostedalen - Mjølversgrendi;SN55430;04.10.2023 20:00;0;7,3;87
Jostedalen - Mjølversgrendi;SN55430;04.10.2023 21:00;0,1;7;92
Jostedalen - Mjølversgrendi;SN55430;04.10.2023 22:00;0,1;5,7;94
Jostedalen - Mjølversgrendi;SN55430;04.10.2023 23:00;0;5,1;95
Jostedalen - Mjølversgrendi;SN55430;05.10.2023 00:00;0;4,5;95
Jostedalen - Mjølversgrendi;SN55430;05.10.2023 01:00;0;4,3;96
Jostedalen - Mjølversgrendi;SN55430;05.10.2023 02:00;0;3,4;96
Jostedalen - Mjølversgrendi;SN55430;05.10.2023 03:00;0;3,5;97
Jostedalen - Mjølversgrendi;SN55430;05.10.2023 04:00;0;2,8;97
Jostedalen - Mjølversgrendi;SN55430;05.10.2023 05:00;0;2;97
Jostedalen - Mjølversgrendi;SN55430;05.10.2023 06:00;0;1,6;95
Jostedalen - Mjølversgrendi;SN55430;05.10.2023 07:00;0;1,9;98
Jostedalen - Mjølversgrendi;SN55430;05.10.2023 08:00;0;2,2;98
Jostedalen - Mjølversgrendi;SN55430;05.10.2023 09:00;0;3;97
Jostedalen - Mjølversgrendi;SN55430;05.10.2023 10:00;0;5,3;94
Jostedalen - Mjølversgrendi;SN55430;05.10.2023 11:00;0;7,2;83
Jostedalen - Mjølversgrendi;SN55430;05.10.2023 12:00;0;8,1;78
Jostedalen - Mjølversgrendi;SN55430;05.10.2023 13:00;0;9,3;67
Jostedalen - Mjølversgrendi;SN55430;05.10.2023 14:00;0;9,3;64
Jostedalen - Mjølversgrendi;SN55430;05.10.2023 15:00;0;9,6;63
Jostedalen - Mjølversgrendi;SN55430;05.10.2023 16:00;0;9,4;67
Jostedalen - Mjølversgrendi;SN55430;05.10.2023 17:00;0;8,8;74
Jostedalen - Mjølversgrendi;SN55430;05.10.2023 18:00;0;7,3;83
Jostedalen - Mjølversgrendi;SN55430;05.10.2023 19:00;0;6,7;85
Jostedalen - Mjølversgrendi;SN55430;05.10.2023 20:00;0;6,7;90
Jostedalen - Mjølversgrendi;SN55430;05.10.2023 21:00;0;6;92
Jostedalen - Mjølversgrendi;SN55430;05.10.2023 22:00;0;5,7;94
Jostedalen - Mjølversgrendi;SN55430;05.10.2023 23:00;0;5,4;94
Jostedalen - Mjølversgrendi;SN55430;06.10.2023 00:00;0;5,5;95
Jostedalen - Mjølversgrendi;SN55430;06.10.2023 01:00;0;5,1;96
Jostedalen - Mjølversgrendi;SN55430;06.10.2023 02:00;0;5;97
Jostedalen - Mjølversgrendi;SN55430;06.10.2023 03:00;0;4,9;97
Jostedalen - Mjølversgrendi;SN55430;06.10.2023 04:00;0;5,2;96
Jostedalen - Mjølversgrendi;SN55430;06.10.2023 05:00;0,2;4,9;97
Jostedalen - Mjølversgrendi;SN55430;06.10.2023 06:00;1,4;4,8;97
Jostedalen - Mjølversgrendi;SN55430;06.10.2023 07:00;1,5;4,8;98
Jostedalen - Mjølversgrendi;SN55430;06.10.2023 08:00;3,8;3,9;94
Jostedalen - Mjølversgrendi;SN55430;06.10.2023 09:00;3,9;3,3;96
Jostedalen - Mjølversgrendi;SN55430;06.10.2023 10:00;3,4;1,6;94
Jostedalen - Mjølversgrendi;SN55430;06.10.2023 11:00;1,2;2,1;96
Jostedalen - Mjølversgrendi;SN55430;06.10.2023 12:00;0,7;3;94
Jostedalen - Mjølversgrendi;SN55430;06.10.2023 13:00;1,3;3,1;96
Jostedalen - Mjølversgrendi;SN55430;06.10.2023 14:00;8;2,9;97
Jostedalen - Mjølversgrendi;SN55430;06.10.2023 15:00;2;3,9;93
Jostedalen - Mjølversgrendi;SN55430;06.10.2023 16:00;2;4,6;94
Jostedalen - Mjølversgrendi;SN55430;06.10.2023 17:00;0,4;4,9;93
Jostedalen - Mjølversgrendi;SN55430;06.10.2023 18:00;0;8,5;56
Jostedalen - Mjølversgrendi;SN55430;06.10.2023 19:00;0;8,7;54
Jostedalen - Mjølversgrendi;SN55430;06.10.2023 20:00;0;6,9;66
Jostedalen - Mjølversgrendi;SN55430;06.10.2023 21:00;0;7,7;64
Jostedalen - Mjølversgrendi;SN55430;06.10.2023 22:00;0;7,8;56
Jostedalen - Mjølversgrendi;SN55430;06.10.2023 23:00;0;6,9;55
Jostedalen - Mjølversgrendi;SN55430;07.10.2023 00:00;0;5,9;49
Jostedalen - Mjølversgrendi;SN55430;07.10.2023 01:00;0;5,6;48
Jostedalen - Mjølversgrendi;SN55430;07.10.2023 02:00;0;4,8;59
Jostedalen - Mjølversgrendi;SN55430;07.10.2023 03:00;0;3,7;67
Jostedalen - Mjølversgrendi;SN55430;07.10.2023 04:00;0;3,8;68
Jostedalen - Mjølversgrendi;SN55430;07.10.2023 05:00;0;3,9;73
Jostedalen - Mjølversgrendi;SN55430;07.10.2023 06:00;0;3,6;77
Jostedalen - Mjølversgrendi;SN55430;07.10.2023 07:00;0;3,6;75
Jostedalen - Mjølversgrendi;SN55430;07.10.2023 08:00;0;3,8;77
Jostedalen - Mjølversgrendi;SN55430;07.10.2023 09:00;0,1;4,8;65
Jostedalen - Mjølversgrendi;SN55430;07.10.2023 10:00;0;4,9;67
Jostedalen - Mjølversgrendi;SN55430;07.10.2023 11:00;0;5,7;58
Jostedalen - Mjølversgrendi;SN55430;07.10.2023 12:00;0;6,2;57
Jostedalen - Mjølversgrendi;SN55430;07.10.2023 13:00;0;7,9;45
Jostedalen - Mjølversgrendi;SN55430;07.10.2023 14:00;0;6,8;47
Jostedalen - Mjølversgrendi;SN55430;07.10.2023 15:00;0;5,5;61
Jostedalen - Mjølversgrendi;SN55430;07.10.2023 16:00;0;5,6;57
Jostedalen - Mjølversgrendi;SN55430;07.10.2023 17:00;0;4,7;66
Jostedalen - Mjølversgrendi;SN55430;07.10.2023 18:00;0;3,9;72
Jostedalen - Mjølversgrendi;SN55430;07.10.2023 19:00;0;3,7;67
Jostedalen - Mjølversgrendi;SN55430;07.10.2023 20:00;0;3,1;73
Jostedalen - Mjølversgrendi;SN55430;07.10.2023 21:00;0;3;72
Jostedalen - Mjølversgrendi;SN55430;07.10.2023 22:00;0;3,4;69
Jostedalen - Mjølversgrendi;SN55430;07.10.2023 23:00;0;2,9;75
Jostedalen - Mjølversgrendi;SN55430;08.10.2023 00:00;0;2,6;79
Jostedalen - Mjølversgrendi;SN55430;08.10.2023 01:00;0;2,7;78
Jostedalen - Mjølversgrendi;SN55430;08.10.2023 02:00;0;2,9;78
Jostedalen - Mjølversgrendi;SN55430;08.10.2023 03:00;0;3;76
Jostedalen - Mjølversgrendi;SN55430;08.10.2023 04:00;0;2,2;80
Jostedalen - Mjølversgrendi;SN55430;08.10.2023 05:00;0;2,5;81
Jostedalen - Mjølversgrendi;SN55430;08.10.2023 06:00;0;2,3;82
Jostedalen - Mjølversgrendi;SN55430;08.10.2023 07:00;0;1,8;86
Jostedalen - Mjølversgrendi;SN55430;08.10.2023 08:00;0;1,7;88
Jostedalen - Mjølversgrendi;SN55430;08.10.2023 09:00;0;3,3;82
Jostedalen - Mjølversgrendi;SN55430;08.10.2023 10:00;0;3,7;76
Jostedalen - Mjølversgrendi;SN55430;08.10.2023 11:00;0;4,4;69
Jostedalen - Mjølversgrendi;SN55430;08.10.2023 12:00;0;5,3;67
Jostedalen - Mjølversgrendi;SN55430;08.10.2023 13:00;0;6,3;60
Jostedalen - Mjølversgrendi;SN55430;08.10.2023 14:00;0;6,5;57
Jostedalen - Mjølversgrendi;SN55430;08.10.2023 15:00;0;5,9;57
Jostedalen - Mjølversgrendi;SN55430;08.10.2023 16:00;0;6,5;53
Jostedalen - Mjølversgrendi;SN55430;08.10.2023 17:00;0;6;57
Jostedalen - Mjølversgrendi;SN55430;08.10.2023 18:00;0;5,2;62
Jostedalen - Mjølversgrendi;SN55430;08.10.2023 19:00;0;5;64
Jostedalen - Mjølversgrendi;SN55430;08.10.2023 20:00;0;4,4;72
Jostedalen - Mjølversgrendi;SN55430;08.10.2023 21:00;0;4,3;65
Jostedalen - Mjølversgrendi;SN55430;08.10.2023 22:00;0;3,3;75
Jostedalen - Mjølversgrendi;SN55430;08.10.2023 23:00;0;3,1;73
Jostedalen - Mjølversgrendi;SN55430;09.10.2023 00:00;0;2;79
Jostedalen - Mjølversgrendi;SN55430;09.10.2023 01:00;0;1,6;83
Jostedalen - Mjølversgrendi;SN55430;09.10.2023 02:00;0;1,3;87
Jostedalen - Mjølversgrendi;SN55430;09.10.2023 03:00;0;1,3;87
Jostedalen - Mjølversgrendi;SN55430;09.10.2023 04:00;0;0,6;92
Jostedalen - Mjølversgrendi;SN55430;09.10.2023 05:00;0;-0,1;91
Jostedalen - Mjølversgrendi;SN55430;09.10.2023 06:00;0;-0,3;91
Jostedalen - Mjølversgrendi;SN55430;09.10.2023 07:00;0;0,3;85
Jostedalen - Mjølversgrendi;SN55430;09.10.2023 08:00;0;0,5;88
Jostedalen - Mjølversgrendi;SN55430;09.10.2023 09:00;0;0,8;87
Jostedalen - Mjølversgrendi;SN55430;09.10.2023 10:00;0;2,8;81
Jostedalen - Mjølversgrendi;SN55430;09.10.2023 11:00;0;3,3;73
Jostedalen - Mjølversgrendi;SN55430;09.10.2023 12:00;0;3,2;74
Jostedalen - Mjølversgrendi;SN55430;09.10.2023 13:00;0;2,5;84
Jostedalen - Mjølversgrendi;SN55430;09.10.2023 14:00;0,1;2,9;83
Jostedalen - Mjølversgrendi;SN55430;09.10.2023 15:00;0,2;2,4;87
Jostedalen - Mjølversgrendi;SN55430;09.10.2023 16:00;0;2,1;88
Jostedalen - Mjølversgrendi;SN55430;09.10.2023 17:00;0;2,2;91
Jostedalen - Mjølversgrendi;SN55430;09.10.2023 18:00;0,1;1,8;93
Jostedalen - Mjølversgrendi;SN55430;09.10.2023 19:00;0,2;1,7;94
Jostedalen - Mjølversgrendi;SN55430;09.10.2023 20:00;0,3;1,4;95
Jostedalen - Mjølversgrendi;SN55430;09.10.2023 21:00;0,2;1,4;96
Jostedalen - Mjølversgrendi;SN55430;09.10.2023 22:00;0,1;1,5;97
Jostedalen - Mjølversgrendi;SN55430;09.10.2023 23:00;0,1;1,4;97
Jostedalen - Mjølversgrendi;SN55430;10.10.2023 00:00;0,1;1,5;98
Jostedalen - Mjølversgrendi;SN55430;10.10.2023 01:00;0;1,5;98
Jostedalen - Mjølversgrendi;SN55430;10.10.2023 02:00;0,1;1,6;98
Jostedalen - Mjølversgrendi;SN55430;10.10.2023 03:00;0,2;1,6;98
Jostedalen - Mjølversgrendi;SN55430;10.10.2023 04:00;0;1,6;98
Jostedalen - Mjølversgrendi;SN55430;10.10.2023 05:00;0,2;1,7;98
Jostedalen - Mjølversgrendi;SN55430;10.10.2023 06:00;0,1;1,7;98
Jostedalen - Mjølversgrendi;SN55430;10.10.2023 07:00;0,3;1,7;98
Jostedalen - Mjølversgrendi;SN55430;10.10.2023 08:00;0,1;1,7;98
Jostedalen - Mjølversgrendi;SN55430;10.10.2023 09:00;0;2,3;98
Jostedalen - Mjølversgrendi;SN55430;10.10.2023 10:00;0,1;2,7;97
Jostedalen - Mjølversgrendi;SN55430;10.10.2023 11:00;0;3,1;96
Jostedalen - Mjølversgrendi;SN55430;10.10.2023 12:00;0;3,3;96
Jostedalen - Mjølversgrendi;SN55430;10.10.2023 13:00;0,9;3,4;95
Jostedalen - Mjølversgrendi;SN55430;10.10.2023 14:00;1,7;3,8;97
Jostedalen - Mjølversgrendi;SN55430;10.10.2023 15:00;1,6;3,9;98
Jostedalen - Mjølversgrendi;SN55430;10.10.2023 16:00;1,7;4;98
Jostedalen - Mjølversgrendi;SN55430;10.10.2023 17:00;1,8;3,9;98
Jostedalen - Mjølversgrendi;SN55430;10.10.2023 18:00;2;4;98
Jostedalen - Mjølversgrendi;SN55430;10.10.2023 19:00;2,6;4,2;98
Jostedalen - Mjølversgrendi;SN55430;10.10.2023 20:00;2,6;4,2;99
Jostedalen - Mjølversgrendi;SN55430;10.10.2023 21:00;1,5;4,2;98
Jostedalen - Mjølversgrendi;SN55430;10.10.2023 22:00;1;4,3;99
Jostedalen - Mjølversgrendi;SN55430;10.10.2023 23:00;1,5;4,3;99
Jostedalen - Mjølversgrendi;SN55430;11.10.2023 00:00;1;4,4;99
Jostedalen - Mjølversgrendi;SN55430;11.10.2023 01:00;0,1;4,4;99
Jostedalen - Mjølversgrendi;SN55430;11.10.2023 02:00;0;4,3;99
Jostedalen - Mjølversgrendi;SN55430;11.10.2023 03:00;0;5,8;92
Jostedalen - Mjølversgrendi;SN55430;11.10.2023 04:00;0;6;78
Jostedalen - Mjølversgrendi;SN55430;11.10.2023 05:00;0,1;5,5;78
Jostedalen - Mjølversgrendi;SN55430;11.10.2023 06:00;0;5,7;80
Jostedalen - Mjølversgrendi;SN55430;11.10.2023 07:00;0;5,5;82
Jostedalen - Mjølversgrendi;SN55430;11.10.2023 08:00;0,1;5,1;86
Jostedalen - Mjølversgrendi;SN55430;11.10.2023 09:00;0,4;5,3;82
Jostedalen - Mjølversgrendi;SN55430;11.10.2023 10:00;1,2;4,6;92
Jostedalen - Mjølversgrendi;SN55430;11.10.2023 11:00;3,9;4,1;92
Jostedalen - Mjølversgrendi;SN55430;11.10.2023 12:00;2,4;4,1;88
Jostedalen - Mjølversgrendi;SN55430;11.10.2023 13:00;0,8;4,1;87
Jostedalen - Mjølversgrendi;SN55430;11.10.2023 14:00;4;3;89
Jostedalen - Mjølversgrendi;SN55430;11.10.2023 15:00;1,3;3,1;94
Jostedalen - Mjølversgrendi;SN55430;11.10.2023 16:00;2;2,9;92
Jostedalen - Mjølversgrendi;SN55430;11.10.2023 17:00;3,3;2,4;91
Jostedalen - Mjølversgrendi;SN55430;11.10.2023 18:00;6,9;0,8;95
Jostedalen - Mjølversgrendi;SN55430;11.10.2023 19:00;4;1,8;93
Jostedalen - Mjølversgrendi;SN55430;11.10.2023 20:00;1,3;1,2;97
Jostedalen - Mjølversgrendi;SN55430;11.10.2023 21:00;0,3;1,4;97
Jostedalen - Mjølversgrendi;SN55430;11.10.2023 22:00;0;2;96
Jostedalen - Mjølversgrendi;SN55430;11.10.2023 23:00;0,4;1,4;97
Jostedalen - Mjølversgrendi;SN55430;12.10.2023 00:00;0,5;1,5;97
Jostedalen - Mjølversgrendi;SN55430;12.10.2023 01:00;1,3;1,3;98
Jostedalen - Mjølversgrendi;SN55430;12.10.2023 02:00;0,3;1,5;98
Jostedalen - Mjølversgrendi;SN55430;12.10.2023 03:00;0,2;1,3;98
Jostedalen - Mjølversgrendi;SN55430;12.10.2023 04:00;0,2;1,5;98
Jostedalen - Mjølversgrendi;SN55430;12.10.2023 05:00;0,3;1,9;98
Jostedalen - Mjølversgrendi;SN55430;12.10.2023 06:00;0,7;2,4;97
Jostedalen - Mjølversgrendi;SN55430;12.10.2023 07:00;0,8;2,3;97
Jostedalen - Mjølversgrendi;SN55430;12.10.2023 08:00;0,3;2,8;97
Jostedalen - Mjølversgrendi;SN55430;12.10.2023 09:00;0,8;3,3;97
Jostedalen - Mjølversgrendi;SN55430;12.10.2023 10:00;0,8;3,8;97
Jostedalen - Mjølversgrendi;SN55430;12.10.2023 11:00;0,5;4,4;94
Jostedalen - Mjølversgrendi;SN55430;12.10.2023 12:00;0,5;5,4;95
Jostedalen - Mjølversgrendi;SN55430;12.10.2023 13:00;0,1;6,4;84
Jostedalen - Mjølversgrendi;SN55430;12.10.2023 14:00;0;8;74
Jostedalen - Mjølversgrendi;SN55430;12.10.2023 15:00;0;6,7;70
Jostedalen - Mjølversgrendi;SN55430;12.10.2023 16:00;0;6,3;70
Jostedalen - Mjølversgrendi;SN55430;12.10.2023 17:00;0;5,6;73
Jostedalen - Mjølversgrendi;SN55430;12.10.2023 18:00;0;4,9;77
Jostedalen - Mjølversgrendi;SN55430;12.10.2023 19:00;0;5,1;72
Jostedalen - Mjølversgrendi;SN55430;12.10.2023 20:00;0;3,9;81
Jostedalen - Mjølversgrendi;SN55430;12.10.2023 21:00;0;3,8;81
Jostedalen - Mjølversgrendi;SN55430;12.10.2023 22:00;0;4,5;74
Jostedalen - Mjølversgrendi;SN55430;12.10.2023 23:00;0;3,6;81
Jostedalen - Mjølversgrendi;SN55430;13.10.2023 00:00;0;4,9;73
Jostedalen - Mjølversgrendi;SN55430;13.10.2023 01:00;0,1;3,7;86
Jostedalen - Mjølversgrendi;SN55430;13.10.2023 02:00;0,3;3;93
Jostedalen - Mjølversgrendi;SN55430;13.10.2023 03:00;0,4;2,7;95
Jostedalen - Mjølversgrendi;SN55430;13.10.2023 04:00;0,2;2,6;96
Jostedalen - Mjølversgrendi;SN55430;13.10.2023 05:00;0,3;2,5;97
Jostedalen - Mjølversgrendi;SN55430;13.10.2023 06:00;0,2;2,5;97
Jostedalen - Mjølversgrendi;SN55430;13.10.2023 07:00;0,5;2,4;98
Jostedalen - Mjølversgrendi;SN55430;13.10.2023 08:00;0,9;2,4;98
Jostedalen - Mjølversgrendi;SN55430;13.10.2023 09:00;0,7;2,5;98
Jostedalen - Mjølversgrendi;SN55430;13.10.2023 10:00;0,4;3,1;98
Jostedalen - Mjølversgrendi;SN55430;13.10.2023 11:00;0,6;3,2;97
Jostedalen - Mjølversgrendi;SN55430;13.10.2023 12:00;0,7;3,4;96
Jostedalen - Mjølversgrendi;SN55430;13.10.2023 13:00;0,3;3,8;96
Jostedalen - Mjølversgrendi;SN55430;13.10.2023 14:00;0,8;4,2;97
Jostedalen - Mjølversgrendi;SN55430;13.10.2023 15:00;0,9;4,4;97
Jostedalen - Mjølversgrendi;SN55430;13.10.2023 16:00;1,1;4,3;97
Jostedalen - Mjølversgrendi;SN55430;13.10.2023 17:00;1,3;4,2;98
Jostedalen - Mjølversgrendi;SN55430;13.10.2023 18:00;0,7;4;98
Jostedalen - Mjølversgrendi;SN55430;13.10.2023 19:00;1,6;4;98
Jostedalen - Mjølversgrendi;SN55430;13.10.2023 20:00;1,1;3,9;99
Jostedalen - Mjølversgrendi;SN55430;13.10.2023 21:00;0,3;4;97
Jostedalen - Mjølversgrendi;SN55430;13.10.2023 22:00;0,1;3,9;98
Jostedalen - Mjølversgrendi;SN55430;13.10.2023 23:00;0,2;3,9;97
Jostedalen - Mjølversgrendi;SN55430;14.10.2023 00:00;0,2;4,7;85
Jostedalen - Mjølversgrendi;SN55430;14.10.2023 01:00;0,3;4,9;83
Jostedalen - Mjølversgrendi;SN55430;14.10.2023 02:00;3;4;83
Jostedalen - Mjølversgrendi;SN55430;14.10.2023 03:00;1,3;4;87
Jostedalen - Mjølversgrendi;SN55430;14.10.2023 04:00;0,5;3,7;88
Jostedalen - Mjølversgrendi;SN55430;14.10.2023 05:00;0,4;3,7;87
Jostedalen - Mjølversgrendi;SN55430;14.10.2023 06:00;0;4,1;83
Jostedalen - Mjølversgrendi;SN55430;14.10.2023 07:00;0,7;2,9;95
Jostedalen - Mjølversgrendi;SN55430;14.10.2023 08:00;0,7;2,8;97
Jostedalen - Mjølversgrendi;SN55430;14.10.2023 09:00;0,2;3;96
Jostedalen - Mjølversgrendi;SN55430;14.10.2023 10:00;0;4,1;85
Jostedalen - Mjølversgrendi;SN55430;14.10.2023 11:00;0;4,8;81
Jostedalen - Mjølversgrendi;SN55430;14.10.2023 12:00;0;5,3;79
Jostedalen - Mjølversgrendi;SN55430;14.10.2023 13:00;0,1;5,7;79
Jostedalen - Mjølversgrendi;SN55430;14.10.2023 14:00;0;6,2;77
Jostedalen - Mjølversgrendi;SN55430;14.10.2023 15:00;0;5,1;82
Jostedalen - Mjølversgrendi;SN55430;14.10.2023 16:00;0,4;4,6;90
Jostedalen - Mjølversgrendi;SN55430;14.10.2023 17:00;0,8;4,6;88
Jostedalen - Mjølversgrendi;SN55430;14.10.2023 18:00;0,9;4,1;95
Jostedalen - Mjølversgrendi;SN55430;14.10.2023 19:00;0,9;3,9;96
Jostedalen - Mjølversgrendi;SN55430;14.10.2023 20:00;0,6;4,1;96
Jostedalen - Mjølversgrendi;SN55430;14.10.2023 21:00;0,7;4;91
Jostedalen - Mjølversgrendi;SN55430;14.10.2023 22:00;0,1;4;89
Jostedalen - Mjølversgrendi;SN55430;14.10.2023 23:00;0;4,3;84
Jostedalen - Mjølversgrendi;SN55430;15.10.2023 00:00;0;5;68
Jostedalen - Mjølversgrendi;SN55430;15.10.2023 01:00;0,1;5,2;67
Jostedalen - Mjølversgrendi;SN55430;15.10.2023 02:00;0;5,4;62
Jostedalen - Mjølversgrendi;SN55430;15.10.2023 03:00;0;4,7;71
Jostedalen - Mjølversgrendi;SN55430;15.10.2023 04:00;0;5,1;61
Jostedalen - Mjølversgrendi;SN55430;15.10.2023 05:00;0;5,1;60
Jostedalen - Mjølversgrendi;SN55430;15.10.2023 06:00;0;3,8;76
Jostedalen - Mjølversgrendi;SN55430;15.10.2023 07:00;0;3,2;81
Jostedalen - Mjølversgrendi;SN55430;15.10.2023 08:00;0;3,7;80
Jostedalen - Mjølversgrendi;SN55430;15.10.2023 09:00;0;3,7;83
Jostedalen - Mjølversgrendi;SN55430;15.10.2023 10:00;0;4,6;82
Jostedalen - Mjølversgrendi;SN55430;15.10.2023 11:00;0;5,4;65
Jostedalen - Mjølversgrendi;SN55430;15.10.2023 12:00;0;5,6;70
Jostedalen - Mjølversgrendi;SN55430;15.10.2023 13:00;0;5,7;60
Jostedalen - Mjølversgrendi;SN55430;15.10.2023 14:00;0;6,3;59
Jostedalen - Mjølversgrendi;SN55430;15.10.2023 15:00;0;5,5;69
Jostedalen - Mjølversgrendi;SN55430;15.10.2023 16:00;0;4,8;73
Jostedalen - Mjølversgrendi;SN55430;15.10.2023 17:00;0;3,8;79
Jostedalen - Mjølversgrendi;SN55430;15.10.2023 18:00;0;3,4;82
Jostedalen - Mjølversgrendi;SN55430;15.10.2023 19:00;0,4;2,7;90
Jostedalen - Mjølversgrendi;SN55430;15.10.2023 20:00;0,1;2,5;88
Jostedalen - Mjølversgrendi;SN55430;15.10.2023 21:00;0,3;2;91
Jostedalen - Mjølversgrendi;SN55430;15.10.2023 22:00;0,1;1,7;94
Jostedalen - Mjølversgrendi;SN55430;15.10.2023 23:00;0,3;1,8;93
Jostedalen - Mjølversgrendi;SN55430;16.10.2023 00:00;0;1,5;93
Jostedalen - Mjølversgrendi;SN55430;16.10.2023 01:00;0;1,3;92
Jostedalen - Mjølversgrendi;SN55430;16.10.2023 02:00;0;1,6;87
Jostedalen - Mjølversgrendi;SN55430;16.10.2023 03:00;0,1;1,7;78
Jostedalen - Mjølversgrendi;SN55430;16.10.2023 04:00;0;1,4;89
Jostedalen - Mjølversgrendi;SN55430;16.10.2023 05:00;0,1;1,7;81
Jostedalen - Mjølversgrendi;SN55430;16.10.2023 06:00;0;1,5;81
Jostedalen - Mjølversgrendi;SN55430;16.10.2023 07:00;0;1,2;86
Jostedalen - Mjølversgrendi;SN55430;16.10.2023 08:00;0;1,2;88
Jostedalen - Mjølversgrendi;SN55430;16.10.2023 09:00;0;1,5;81
Jostedalen - Mjølversgrendi;SN55430;16.10.2023 10:00;0,4;0,8;93
Jostedalen - Mjølversgrendi;SN55430;16.10.2023 11:00;0,5;1;94
Jostedalen - Mjølversgrendi;SN55430;16.10.2023 12:00;0,4;1,4;94
Jostedalen - Mjølversgrendi;SN55430;16.10.2023 13:00;0,3;1,7;94
Jostedalen - Mjølversgrendi;SN55430;16.10.2023 14:00;0,2;1,8;94
Jostedalen - Mjølversgrendi;SN55430;16.10.2023 15:00;0,4;1,8;92
Jostedalen - Mjølversgrendi;SN55430;16.10.2023 16:00;0,5;1,7;93
Jostedalen - Mjølversgrendi;SN55430;16.10.2023 17:00;1,4;0,7;95
Jostedalen - Mjølversgrendi;SN55430;16.10.2023 18:00;1,2;0,3;97
Jostedalen - Mjølversgrendi;SN55430;16.10.2023 19:00;1,3;0,3;97
Jostedalen - Mjølversgrendi;SN55430;16.10.2023 20:00;1,5;0,2;98
Jostedalen - Mjølversgrendi;SN55430;16.10.2023 21:00;1,1;0,2;98
Jostedalen - Mjølversgrendi;SN55430;16.10.2023 22:00;0,5;0,2;98
Jostedalen - Mjølversgrendi;SN55430;16.10.2023 23:00;1;0,1;98
Jostedalen - Mjølversgrendi;SN55430;17.10.2023 00:00;1,2;0,2;98
Jostedalen - Mjølversgrendi;SN55430;17.10.2023 01:00;2,2;0,1;98
Jostedalen - Mjølversgrendi;SN55430;17.10.2023 02:00;2,2;0,1;99
Jostedalen - Mjølversgrendi;SN55430;17.10.2023 03:00;1,9;0,1;99
Jostedalen - Mjølversgrendi;SN55430;17.10.2023 04:00;1,6;0,1;99
Jostedalen - Mjølversgrendi;SN55430;17.10.2023 05:00;2,1;0,2;99
Jostedalen - Mjølversgrendi;SN55430;17.10.2023 06:00;2,7;0;99
Jostedalen - Mjølversgrendi;SN55430;17.10.2023 07:00;0,5;0,3;99
Jostedalen - Mjølversgrendi;SN55430;17.10.2023 08:00;2,3;0,3;99
Jostedalen - Mjølversgrendi;SN55430;17.10.2023 09:00;0,6;0,4;98
Jostedalen - Mjølversgrendi;SN55430;17.10.2023 10:00;0,2;0,9;97
Jostedalen - Mjølversgrendi;SN55430;17.10.2023 11:00;0;1,3;95
Jostedalen - Mjølversgrendi;SN55430;17.10.2023 12:00;0;1,7;95
Jostedalen - Mjølversgrendi;SN55430;17.10.2023 13:00;0;2,3;95
Jostedalen - Mjølversgrendi;SN55430;17.10.2023 14:00;0;2,5;93
Jostedalen - Mjølversgrendi;SN55430;17.10.2023 15:00;0;3,2;93
Jostedalen - Mjølversgrendi;SN55430;17.10.2023 16:00;0;3,1;92
Jostedalen - Mjølversgrendi;SN55430;17.10.2023 17:00;0;3;95
Jostedalen - Mjølversgrendi;SN55430;17.10.2023 18:00;0;2,5;95
Jostedalen - Mjølversgrendi;SN55430;17.10.2023 19:00;0;2,4;92
Jostedalen - Mjølversgrendi;SN55430;17.10.2023 20:00;0;2,1;95
Jostedalen - Mjølversgrendi;SN55430;17.10.2023 21:00;0;1,8;96
Jostedalen - Mjølversgrendi;SN55430;17.10.2023 22:00;0;1,1;92
Jostedalen - Mjølversgrendi;SN55430;17.10.2023 23:00;0;1,3;96
Jostedalen - Mjølversgrendi;SN55430;18.10.2023 00:00;0;1,1;96
Jostedalen - Mjølversgrendi;SN55430;18.10.2023 01:00;0;0,5;96
Jostedalen - Mjølversgrendi;SN55430;18.10.2023 02:00;0;0,8;98
Jostedalen - Mjølversgrendi;SN55430;18.10.2023 03:00;0;0,4;97
Jostedalen - Mjølversgrendi;SN55430;18.10.2023 04:00;0;0,7;98
Jostedalen - Mjølversgrendi;SN55430;18.10.2023 05:00;0;0,5;97
Jostedalen - Mjølversgrendi;SN55430;18.10.2023 06:00;0;0,8;94
Jostedalen - Mjølversgrendi;SN55430;18.10.2023 07:00;0;0,1;90
Jostedalen - Mjølversgrendi;SN55430;18.10.2023 08:00;0;0,9;92
Jostedalen - Mjølversgrendi;SN55430;18.10.2023 09:00;0;1,9;85
Jostedalen - Mjølversgrendi;SN55430;18.10.2023 10:00;0;2,6;82
Jostedalen - Mjølversgrendi;SN55430;18.10.2023 11:00;0;3,3;79
Jostedalen - Mjølversgrendi;SN55430;18.10.2023 12:00;0;4,9;75
Jostedalen - Mjølversgrendi;SN55430;18.10.2023 13:00;0;6,3;76
Jostedalen - Mjølversgrendi;SN55430;18.10.2023 14:00;0;6,4;61
Jostedalen - Mjølversgrendi;SN55430;18.10.2023 15:00;0;5,1;66
Jostedalen - Mjølversgrendi;SN55430;18.10.2023 16:00;0;3,9;65
Jostedalen - Mjølversgrendi;SN55430;18.10.2023 17:00;0;3;66
Jostedalen - Mjølversgrendi;SN55430;18.10.2023 18:00;0;2,1;69
Jostedalen - Mjølversgrendi;SN55430;18.10.2023 19:00;0;1,5;70
Jostedalen - Mjølversgrendi;SN55430;18.10.2023 20:00;0;0,7;75
Jostedalen - Mjølversgrendi;SN55430;18.10.2023 21:00;0;0,7;71
Jostedalen - Mjølversgrendi;SN55430;18.10.2023 22:00;0;0,8;66
Jostedalen - Mjølversgrendi;SN55430;18.10.2023 23:00;0;0,4;67
Jostedalen - Mjølversgrendi;SN55430;19.10.2023 00:00;0;-0,5;77
Jostedalen - Mjølversgrendi;SN55430;19.10.2023 01:00;0;-1;75
Jostedalen - Mjølversgrendi;SN55430;19.10.2023 02:00;0;-1,2;75
Jostedalen - Mjølversgrendi;SN55430;19.10.2023 03:00;0;-1,1;72
Jostedalen - Mjølversgrendi;SN55430;19.10.2023 04:00;0;-2,2;74
Jostedalen - Mjølversgrendi;SN55430;19.10.2023 05:00;0;-2,8;77
Jostedalen - Mjølversgrendi;SN55430;19.10.2023 06:00;0;-2,6;78
Jostedalen - Mjølversgrendi;SN55430;19.10.2023 07:00;0;-2,9;81
Jostedalen - Mjølversgrendi;SN55430;19.10.2023 08:00;0;-3;74
Jostedalen - Mjølversgrendi;SN55430;19.10.2023 09:00;0;-2,8;75
Jostedalen - Mjølversgrendi;SN55430;19.10.2023 10:00;0;-2,2;73
Jostedalen - Mjølversgrendi;SN55430;19.10.2023 11:00;0;0,8;61
Jostedalen - Mjølversgrendi;SN55430;19.10.2023 12:00;0;3,3;53
Jostedalen - Mjølversgrendi;SN55430;19.10.2023 13:00;0;3,3;51
Jostedalen - Mjølversgrendi;SN55430;19.10.2023 14:00;0;3,7;46
Jostedalen - Mjølversgrendi;SN55430;19.10.2023 15:00;0;1,2;53
Jostedalen - Mjølversgrendi;SN55430;19.10.2023 16:00;0;0,9;46
Jostedalen - Mjølversgrendi;SN55430;19.10.2023 17:00;0;-0,4;60
Jostedalen - Mjølversgrendi;SN55430;19.10.2023 18:00;0;-1,2;58
Jostedalen - Mjølversgrendi;SN55430;19.10.2023 19:00;0;-1,5;63
Jostedalen - Mjølversgrendi;SN55430;19.10.2023 20:00;0;-2,5;66
Jostedalen - Mjølversgrendi;SN55430;19.10.2023 21:00;0;-3,6;75
Jostedalen - Mjølversgrendi;SN55430;19.10.2023 22:00;0;-3,6;72
Jostedalen - Mjølversgrendi;SN55430;19.10.2023 23:00;0;-3,8;72
Jostedalen - Mjølversgrendi;SN55430;20.10.2023 00:00;0;-4,3;77
Data er gyldig per 20.10.2023 (CC BY 4.0), Meteorologisk institutt (MET);;;;;
